1612137600000,1313.09,1313.49,1270.00,1281.06,200753.622,1612141199999,257937932.21963,136416,93279.112,119856509.89934,0
1612141200000,1280.95,1324.20,1278.41,1320.18,127892.662,1612144799999,166801054.19880,103768,64650.310,84264766.25532,0
1612144800000,1320.26,1326.20,1309.10,1320.00,92356.557,1612148399999,121752711.68948,80362,42349.264,55849256.87653,0
1612148400000,1320.00,1323.58,1312.03,1318.29,51557.109,1612151999999,67960281.60929,57407,24486.726,32285893.34083,0
1612152000000,1318.29,1331.54,1313.31,1316.47,84538.730,1612155599999,111849419.82791,74879,47324.751,62623401.44579,0
1612155600000,1316.41,1326.06,1311.74,1322.00,61543.340,1612159199999,81147266.76303,58748,28778.052,37953058.60776,0
1612159200000,1322.00,1339.91,1302.71,1310.44,145031.898,1612162799999,191398764.83656,103744,69818.436,92166573.50697,0
1612162800000,1310.39,1322.75,1305.11,1318.58,82503.311,1612166399999,108486308.38747,70839,42337.330,55683631.53438,0
1612166400000,1318.57,1335.27,1310.00,1334.42,78797.173,1612169999999,104052583.95317,78002,38639.575,51057922.83611,0
1612170000000,1334.43,1341.86,1326.51,1330.39,98911.446,1612173599999,131919609.41432,79960,47885.875,63878541.68617,0
1612173600000,1330.39,1341.87,1325.03,1327.13,94608.361,1612177199999,126130431.70758,75865,49866.770,66490543.16136,0
1612177200000,1327.14,1348.67,1325.00,1338.73,116252.495,1612180799999,155435049.66961,88422,55004.765,73550072.54481,0
1612180800000,1338.80,1348.12,1327.01,1331.61,92970.047,1612184399999,124161859.57387,73048,42094.536,56229496.90511,0
1612184400000,1331.62,1339.14,1326.06,1328.28,64784.548,1612187999999,86328649.17762,66281,30986.312,41299056.98170,0
1612188000000,1328.31,1331.00,1310.05,1315.27,136517.462,1612191599999,180178262.28897,90794,60502.813,79875023.87370,0
1612191600000,1315.19,1320.05,1301.53,1302.39,88373.996,1612195199999,116077203.36735,72170,39641.664,52107540.91229,0
1612195200000,1302.29,1314.45,1300.21,1310.29,70797.010,1612198799999,92627720.01275,60714,36969.307,48372022.39599,0
1612198800000,1310.30,1323.26,1307.00,1319.35,62556.125,1612202399999,82230279.56221,52465,38169.050,50183263.18924,0
1612202400000,1319.35,1329.00,1317.46,1327.01,54953.286,1612205999999,72671860.20292,52693,28207.526,37302563.46131,0
1612206000000,1327.01,1334.99,1325.12,1333.90,56618.261,1612209599999,75310885.07017,51821,30460.482,40523137.66623,0
1612209600000,1333.90,1341.90,1333.24,1337.43,65085.982,1612213199999,87055447.29846,55852,30278.170,40507417.47970,0
1612213200000,1337.43,1354.97,1330.38,1352.26,90656.679,1612216799999,121661674.32838,66266,49467.948,66468279.59386,0
1612216800000,1352.28,1367.00,1345.36,1358.79,124251.632,1612220399999,168832981.13604,89912,65416.964,88911218.03991,0
1612220400000,1358.80,1379.73,1357.91,1376.48,139873.261,1612223999999,191607063.95090,101491,76977.441,105473281.60731,0
1612224000000,1376.74,1416.54,1376.05,1384.80,287284.612,1612227599999,400929818.06217,176606,144126.509,201154123.14677,0
1612227600000,1384.75,1392.60,1371.12,1385.11,122091.061,1612231199999,168728560.81690,90070,58423.367,80768478.72957,0
1612231200000,1385.12,1394.14,1372.10,1376.21,95522.390,1612234799999,132231090.78291,74228,46156.465,63943386.31109,0
1612234800000,1376.22,1379.57,1363.00,1371.26,85386.085,1612238399999,117096259.02596,73512,37823.175,51900643.37666,0
1612238400000,1371.27,1389.11,1370.01,1382.75,88566.437,1612241999999,122280525.54407,65231,50766.664,70105226.03778,0
1612242000000,1382.75,1398.24,1379.69,1389.10,74868.178,1612245599999,103991673.56150,69519,40057.448,55640251.65554,0
1612245600000,1389.10,1414.80,1389.09,1407.72,143139.224,1612249199999,200789625.22006,103622,73872.452,103617712.03208,0
1612249200000,1407.83,1429.00,1406.49,1417.11,188198.401,1612252799999,267006821.13815,135393,97354.803,138129823.95111,0
1612252800000,1417.11,1462.04,1411.00,1458.76,340069.697,1612256399999,487735844.25034,195248,172582.030,247680654.95149,0
1612256400000,1458.76,1467.90,1431.00,1440.82,320974.599,1612259999999,465026384.96420,185749,139540.223,202253206.40292,0
1612260000000,1441.01,1452.42,1433.00,1442.87,132016.205,1612263599999,190248263.79765,99881,66431.694,95752864.50859,0
1612263600000,1442.88,1452.99,1413.08,1423.21,234727.095,1612267199999,335940451.50160,141515,103202.719,147789023.75835,0
1612267200000,1423.22,1440.90,1411.00,1428.71,158591.629,1612270799999,226398272.89339,110351,73573.421,105060490.74100,0
1612270800000,1428.72,1448.00,1424.42,1429.10,152413.034,1612274399999,218935575.54427,108688,79262.011,113870817.41642,0
1612274400000,1429.29,1439.35,1413.61,1434.19,158891.473,1612277999999,226752560.47909,114762,75127.926,107258560.73370,0
1612278000000,1434.10,1451.00,1421.00,1428.40,211625.533,1612281599999,303611506.46327,132318,107075.886,153651503.36787,0
1612281600000,1428.40,1508.00,1424.28,1498.45,618970.775,1612285199999,915398947.50465,347297,312153.703,461756241.98251,0
1612285200000,1498.45,1507.34,1466.00,1475.99,313806.917,1612288799999,465570497.13818,189148,140645.663,208766524.17194,0
1612288800000,1476.00,1497.00,1470.41,1493.82,161089.470,1612292399999,239116668.62451,114491,83970.861,124667879.37620,0
1612292400000,1493.82,1523.59,1483.35,1521.19,249504.081,1612295999999,374602539.33121,172748,132249.587,198696664.10195,0
1612296000000,1521.19,1546.00,1501.68,1537.91,426427.992,1612299599999,650105786.54607,258923,216678.112,330504141.63879,0
1612299600000,1537.81,1542.43,1515.00,1521.98,173509.739,1612303199999,265278275.83757,133623,78207.719,119599309.71491,0
1612303200000,1521.99,1551.50,1517.29,1536.88,190005.249,1612306799999,292682102.38875,144725,95478.985,147127751.17371,0
1612306800000,1536.88,1542.19,1511.92,1516.26,170676.365,1612310399999,260762679.37705,118344,74765.350,114312346.45855,0
1612310400000,1516.20,1537.91,1515.56,1524.51,146497.033,1612313999999,223902700.00202,107272,70569.182,107853867.81605,0
1612314000000,1524.46,1535.77,1515.00,1525.00,100476.245,1612317599999,153161520.97548,80385,45476.363,69320505.47345,0
1612317600000,1525.00,1533.99,1510.76,1533.39,120474.858,1612321199999,183368757.71085,78955,56151.821,85485273.96997,0
1612321200000,1533.48,1554.00,1531.24,1542.36,130559.369,1612324799999,201304693.81196,105581,70776.886,109138006.12821,0
1612324800000,1542.36,1565.18,1540.30,1557.01,164484.793,1612328399999,255927957.97445,124177,87622.946,136324509.68927,0
1612328400000,1556.99,1557.71,1542.76,1546.82,102791.107,1612331999999,159252961.72862,74881,42341.758,65600771.05208,0
1612332000000,1546.82,1576.50,1545.82,1569.64,152290.914,1612335599999,238220874.41008,115863,81835.659,127976705.31967,0
1612335600000,1569.73,1569.95,1545.60,1549.63,119344.839,1612339199999,185870527.74688,95959,55202.236,86014685.48197,0
1612339200000,1549.63,1555.00,1515.50,1533.37,281850.473,1612342799999,431832718.27154,161333,125661.288,192604262.80093,0
1612342800000,1533.42,1553.00,1517.00,1534.04,212936.526,1612346399999,326968217.42111,137788,98796.571,151729043.22874,0
1612346400000,1534.03,1554.96,1525.59,1551.11,128164.984,1612349999999,197401572.52154,107043,70061.487,107928258.17358,0
1612350000000,1551.10,1564.63,1537.20,1541.60,173380.793,1612353599999,269262246.21152,129590,77733.901,120776039.52032,0
1612353600000,1541.42,1556.46,1525.54,1542.21,195135.690,1612357199999,300888909.82612,138125,95212.357,146816489.57171,0
1612357200000,1542.15,1570.00,1532.15,1554.10,181767.384,1612360799999,282736652.70330,137981,92575.546,144033810.97050,0
1612360800000,1554.10,1564.84,1540.41,1557.46,121893.793,1612364399999,189350265.94448,103204,64306.607,99898416.07498,0
1612364400000,1557.49,1605.20,1553.29,1601.62,364069.573,1612367999999,577841515.90087,238273,189925.989,301535161.21256,0
1612368000000,1601.68,1620.68,1583.00,1610.59,401015.231,1612371599999,642955349.16003,274153,195278.968,313201176.84606,0
1612371600000,1610.60,1646.19,1602.80,1642.75,320575.054,1612375199999,522261903.16584,207494,176899.719,288303520.33584,0
1612375200000,1642.84,1656.36,1625.00,1653.49,241257.684,1612378799999,396034123.30048,175604,117918.415,193661194.21199,0
1612378800000,1653.53,1655.79,1620.00,1620.59,196869.842,1612382399999,322187494.23914,140221,84076.541,137640690.95468,0
1612382400000,1620.60,1642.50,1605.97,1638.37,164497.022,1612385999999,267330231.35564,124711,81567.781,132612610.70353,0
1612386000000,1638.37,1649.59,1622.12,1635.39,122287.364,1612389599999,200274541.73902,103374,57096.513,93522615.27767,0
1612389600000,1635.38,1651.70,1632.00,1638.70,93102.059,1612393199999,152977630.01941,88803,46386.368,76213258.33078,0
1612393200000,1638.69,1672.76,1632.23,1666.00,172038.094,1612396799999,284908389.02982,139994,88324.617,146311965.39492,0
1612396800000,1666.10,1687.47,1664.40,1682.47,211728.522,1612400399999,354775913.81835,149336,101650.836,170356778.36592,0
1612400400000,1682.46,1703.37,1679.46,1696.44,205326.936,1612403999999,347307635.76050,144529,101458.814,171678985.53317,0
1612404000000,1696.71,1701.57,1651.00,1683.56,259650.874,1612407599999,434329706.61698,163326,119755.379,200383220.90835,0
1612407600000,1683.56,1691.97,1635.50,1648.88,213030.927,1612411199999,354036030.03744,144336,94724.770,157460774.88275,0
1612411200000,1648.87,1670.53,1636.49,1665.54,131662.965,1612414799999,218143626.19426,107103,68576.576,113662892.91063,0
1612414800000,1665.59,1674.46,1651.67,1658.01,111039.872,1612418399999,184819392.93350,98420,52810.320,87930195.67603,0
1612418400000,1658.00,1686.00,1651.14,1679.28,122099.918,1612421999999,204166379.49363,104221,64255.598,107443994.93536,0
1612422000000,1679.28,1685.52,1662.99,1664.33,113375.820,1612425599999,189764342.03739,96761,55669.957,93190858.75941,0
1612425600000,1664.33,1690.68,1635.70,1642.27,245034.450,1612429199999,409583328.53300,160491,108928.421,182198175.58875,0
1612429200000,1642.27,1649.89,1571.11,1647.58,591503.934,1612432799999,958433899.34704,326105,273308.743,443301764.25745,0
1612432800000,1647.55,1655.53,1637.27,1645.05,170541.112,1612436399999,280884637.28803,127272,73059.274,120364628.10263,0
1612436400000,1644.83,1650.99,1615.14,1615.72,220632.906,1612439999999,360531203.00747,153890,97666.058,159650319.89253,0
1612440000000,1615.65,1647.83,1609.10,1639.09,172648.866,1612443599999,281580051.33990,130541,87088.576,142060676.75831,0
1612443600000,1639.22,1642.77,1621.32,1635.00,116773.339,1612447199999,190611099.61780,97580,60168.348,98218696.00602,0
1612447200000,1635.00,1644.00,1586.00,1595.00,264899.797,1612450799999,427716408.85388,163485,121932.032,196835581.25812,0
1612450800000,1594.93,1606.67,1557.00,1583.04,449577.310,1612454399999,710038222.39170,275784,210033.142,331890784.90419,0
1612454400000,1582.92,1635.86,1567.57,1631.54,257011.370,1612457999999,411629150.68874,187935,129198.691,207013834.47336,0
1612458000000,1631.54,1654.00,1628.00,1637.32,239909.720,1612461599999,393571115.21633,159042,112163.837,184075265.64807,0
1612461600000,1637.32,1659.84,1633.00,1659.00,145393.917,1612465199999,239332860.66977,111035,76999.515,126813366.29843,0
1612465200000,1659.00,1670.00,1641.38,1658.06,140186.303,1612468799999,232004551.51175,111384,70760.785,117089306.68957,0
1612468800000,1658.09,1677.03,1641.42,1659.66,138125.602,1612472399999,229351353.53752,109598,67816.212,112634275.07593,0
1612472400000,1659.56,1664.00,1630.00,1643.23,121738.716,1612475999999,200153520.67985,100569,53811.376,88507021.14884,0
1612476000000,1643.24,1643.97,1601.00,1626.82,172591.244,1612479599999,279298908.87551,135426,79008.830,127893418.46768,0
1612479600000,1626.82,1629.81,1588.01,1596.00,152032.337,1612483199999,244444940.60613,112753,67223.825,108170362.58729,0
1612483200000,1595.93,1624.90,1592.46,1617.33,129173.253,1612486799999,207894900.80468,102270,67469.317,108594246.67487,0
1612486800000,1617.44,1627.55,1597.25,1600.30,88638.445,1612490399999,142930994.17909,80563,38981.942,62903343.32098,0
1612490400000,1600.25,1622.94,1596.78,1620.90,81310.143,1612493999999,130738666.55744,75274,40965.276,65898360.73465,0
1612494000000,1620.90,1659.00,1616.45,1644.60,182024.650,1612497599999,299565129.14660,116024,88853.295,146224755.68617,0
1612497600000,1644.63,1648.70,1631.79,1637.20,74288.860,1612501199999,121732326.01831,64289,35180.686,57669145.99698,0
1612501200000,1637.19,1649.28,1625.30,1635.00,78360.944,1612504799999,128219988.79577,70032,38454.102,62948056.46894,0
1612504800000,1635.01,1667.99,1635.01,1649.55,124682.255,1612508399999,206294662.69233,97746,61088.059,101044876.69724,0
1612508400000,1649.55,1674.87,1649.17,1666.50,134612.363,1612511999999,223754013.64786,97986,72203.382,119998736.68188,0
1612512000000,1666.50,1681.10,1652.94,1672.65,148372.325,1612515599999,247296935.37985,105581,71304.382,118862169.73653,0
1612515600000,1672.66,1683.52,1653.46,1654.61,131339.420,1612519199999,219266934.04489,99953,58749.232,98127693.00827,0
1612519200000,1654.43,1670.88,1643.79,1647.22,123931.532,1612522799999,205293772.34245,93001,58482.153,96898788.46667,0
1612522800000,1647.14,1666.93,1645.00,1665.57,77932.064,1612526399999,129153817.44101,68865,41429.694,68661190.14667,0
1612526400000,1665.59,1681.32,1658.56,1663.37,135062.746,1612529999999,225652726.44677,109272,66692.007,111453990.22980,0
1612530000000,1663.31,1730.00,1663.27,1723.65,259635.176,1612533599999,441695923.89809,178105,138876.973,236171340.38414,0
1612533600000,1723.50,1751.93,1713.95,1738.94,311443.178,1612537199999,539187241.62429,204609,152957.253,264952102.82426,0
1612537200000,1738.88,1753.35,1723.00,1745.24,217318.946,1612540799999,377961323.43053,157697,102990.509,179193546.96484,0
1612540800000,1745.25,1767.19,1709.00,1730.39,343792.752,1612544399999,599348357.97474,218514,156048.773,272245602.03363,0
1612544400000,1730.20,1739.12,1719.48,1731.30,143980.339,1612547999999,248936637.85107,106670,69331.005,119907522.07109,0
1612548000000,1731.39,1733.85,1685.23,1687.47,242588.897,1612551599999,414123099.42071,147658,104550.907,178596886.35450,0
1612551600000,1687.25,1719.36,1684.27,1712.62,160706.430,1612555199999,273581417.70077,119944,88248.178,150287284.21358,0
1612555200000,1712.65,1726.90,1696.79,1722.85,103509.414,1612558799999,177402546.71320,88254,56592.209,97022197.18183,0
1612558800000,1722.84,1729.44,1712.43,1722.22,75593.492,1612562399999,130059498.88239,75033,35005.127,60245138.99382,0
1612562400000,1722.22,1722.28,1702.00,1703.97,73862.194,1612565999999,126419470.79636,75581,31985.060,54772936.49632,0
1612566000000,1704.15,1728.00,1702.03,1721.16,76309.286,1612569599999,131269198.74975,75489,40412.005,69524502.18569,0
1612569600000,1721.03,1748.11,1720.26,1732.46,135264.914,1612573199999,234855650.56358,106583,67602.698,117380496.30755,0
1612573200000,1732.47,1734.29,1647.09,1675.33,401611.704,1612576799999,678180341.97160,241826,172074.184,290575023.47336,0
1612576800000,1675.58,1695.00,1664.00,1683.79,194838.645,1612580399999,327922754.66358,139759,94378.308,158905144.61492,0
1612580400000,1683.69,1691.00,1666.29,1685.20,136177.992,1612583999999,228609221.79267,106442,64566.116,108417792.42347,0
1612584000000,1685.21,1685.54,1668.00,1674.37,73667.190,1612587599999,123591470.79905,76908,35357.391,59330126.19865,0
1612587600000,1674.40,1676.71,1648.17,1663.25,116891.768,1612591199999,194124486.57098,97737,53642.983,89107067.97091,0
1612591200000,1663.26,1682.61,1660.09,1680.49,82613.815,1612594799999,138063205.76860,86858,46713.260,78082637.44563,0
1612594800000,1680.44,1684.52,1673.80,1674.99,68149.299,1612598399999,114377783.32817,67324,33787.007,56715629.78574,0
1612598400000,1674.99,1712.84,1673.75,1703.02,147096.472,1612601999999,249626557.31711,114246,74712.990,126778708.91387,0
1612602000000,1703.14,1722.22,1695.00,1700.67,137865.996,1612605599999,235462400.85480,102200,62339.712,106519106.46391,0
1612605600000,1700.57,1701.73,1678.86,1695.48,119646.323,1612609199999,202361856.35711,93883,57168.226,96718653.62936,0
1612609200000,1695.47,1702.26,1677.99,1683.49,153364.027,1612612799999,259199447.15902,109528,70345.686,118920879.06595,0
1612612800000,1683.49,1692.70,1665.03,1677.67,134019.486,1612616399999,225296278.30663,99342,63927.243,107522089.94388,0
1612616400000,1677.66,1689.82,1671.95,1678.46,74149.034,1612619999999,124735604.16791,75285,37436.737,62993555.01326,0
1612620000000,1678.46,1702.19,1678.46,1690.03,98201.193,1612623599999,166151384.22206,87903,50396.243,85268995.42510,0
1612623600000,1690.04,1698.88,1675.12,1677.13,83411.102,1612627199999,140636492.50096,80206,37091.942,62582480.57172,0
1612627200000,1677.13,1698.89,1661.01,1698.63,150178.214,1612630799999,252263315.39439,111841,70290.988,118147281.18634,0
1612630800000,1698.61,1711.73,1682.00,1707.15,109638.576,1612634399999,186054138.59145,92159,51899.993,88114196.15410,0
1612634400000,1707.15,1717.59,1696.00,1709.51,107180.887,1612637999999,182874726.99004,88240,52637.950,89830388.34536,0
1612638000000,1709.51,1718.36,1697.52,1711.40,96451.893,1612641599999,164863063.90053,80288,43695.104,74721265.96983,0
1612641600000,1711.49,1713.60,1685.55,1697.59,91320.717,1612645199999,154989191.90754,78227,40342.615,68492406.12693,0
1612645200000,1697.60,1719.18,1696.28,1713.34,74504.350,1612648799999,127398585.77229,66228,36485.709,62379390.10972,0
1612648800000,1713.48,1725.32,1700.38,1705.84,74828.673,1612652399999,128264761.86436,63533,36436.238,62506126.21089,0
1612652400000,1705.99,1707.87,1672.42,1679.34,129988.415,1612655999999,219317712.07297,96949,56468.630,95297966.89301,0
1612656000000,1679.38,1695.50,1674.72,1686.52,113885.824,1612659599999,191918380.96654,89162,57839.728,97482426.41504,0
1612659600000,1686.51,1689.23,1629.00,1643.18,213381.175,1612663199999,353627656.03480,148537,85983.007,142532252.66445,0
1612663200000,1643.19,1648.55,1610.31,1629.21,242241.843,1612666799999,394097596.68813,158856,114866.054,186904762.50433,0
1612666800000,1629.20,1634.83,1616.00,1628.22,115520.725,1612670399999,187857400.57450,92542,57421.026,93407342.54563,0
1612670400000,1628.22,1634.14,1587.00,1610.30,214660.194,1612673999999,345577934.79368,137345,90378.599,145604074.93966,0
1612674000000,1610.29,1622.70,1603.11,1617.10,100752.763,1612677599999,162690530.23207,86080,51881.191,83800813.22157,0
1612677600000,1617.10,1621.50,1608.64,1612.97,67507.925,1612681199999,109109468.30425,64910,32586.042,52678015.31616,0
1612681200000,1612.97,1640.51,1608.44,1633.00,99555.066,1612684799999,162290246.15208,80145,51950.231,84680639.52570,0
1612684800000,1633.00,1649.78,1629.71,1643.20,105567.446,1612688399999,173279225.16954,83563,49627.351,81464653.21041,0
1612688400000,1643.20,1644.78,1633.00,1639.01,74040.320,1612691999999,121411410.72982,61471,33878.103,55568075.50705,0
1612692000000,1639.01,1658.25,1637.00,1640.51,92401.716,1612695599999,152369570.37943,77006,42870.368,70711591.07077,0
1612695600000,1640.51,1641.10,1616.80,1627.22,124000.188,1612699199999,201785368.18391,94322,55242.346,89887009.38147,0
1612699200000,1627.17,1632.60,1601.10,1618.69,136393.370,1612702799999,220360156.29744,106965,63515.612,102660377.86438,0
1612702800000,1618.69,1630.35,1581.00,1587.66,227674.167,1612706399999,364415728.34796,152983,103601.257,165874117.40871,0
1612706400000,1587.79,1589.00,1565.00,1573.39,247854.301,1612709999999,391171530.53099,163479,114124.435,180191921.45232,0
1612710000000,1573.39,1579.90,1524.40,1538.65,436309.129,1612713599999,674476836.06303,232393,189924.246,293668847.58756,0
1612713600000,1538.68,1557.00,1490.48,1554.48,517549.820,1612717199999,789391914.17679,270403,263448.347,402168763.86941,0
1612717200000,1554.48,1575.00,1545.45,1555.44,271624.066,1612720799999,424100380.07467,163744,127346.866,198903182.59416,0
1612720800000,1555.40,1586.86,1552.42,1580.32,128005.529,1612724399999,201001245.78229,99891,70031.258,110009432.83612,0
1612724400000,1580.32,1590.00,1561.91,1566.29,107183.400,1612727999999,169253541.93254,90557,45464.796,71850483.18879,0
1612728000000,1566.29,1584.95,1552.22,1582.39,102494.176,1612731599999,160794045.52935,89469,51624.944,81031566.13519,0
1612731600000,1582.40,1603.70,1574.18,1597.01,113358.154,1612735199999,180226044.77958,101111,55882.770,88854854.83013,0
1612735200000,1597.01,1602.00,1575.86,1600.71,81008.266,1612738799999,128771360.28800,77654,38508.021,61237029.29266,0
1612738800000,1600.61,1621.81,1598.44,1611.99,130824.515,1612742399999,210862618.44601,112602,67832.061,109348394.26656,0
1612742400000,1612.00,1632.73,1591.17,1597.59,150881.475,1612745999999,243210993.64553,118070,70083.105,113062341.05796,0
1612746000000,1597.49,1605.32,1580.00,1593.61,126587.969,1612749599999,201570556.58241,103655,59620.364,94968373.83823,0
1612749600000,1593.60,1605.83,1567.92,1573.27,117278.486,1612753199999,186044157.36182,88904,49655.995,78848592.68859,0
1612753200000,1573.20,1592.00,1566.22,1583.35,98898.367,1612756799999,156563788.10588,71769,49327.080,78105920.74035,0
1612756800000,1583.35,1622.00,1579.60,1620.00,118243.825,1612760399999,190501532.74098,94365,64664.977,104176988.52952,0
1612760400000,1620.00,1627.39,1606.70,1610.11,81454.555,1612763999999,131663812.85080,66731,37520.072,60666689.83717,0
1612764000000,1610.06,1638.00,1610.05,1633.59,90163.405,1612767599999,146872096.90582,76769,50626.024,82454022.05098,0
1612767600000,1633.59,1649.28,1625.00,1640.29,88162.770,1612771199999,144476544.58658,76995,43246.786,70864922.51466,0
1612771200000,1640.21,1653.40,1627.11,1634.87,111824.252,1612774799999,183486132.76330,81066,52447.840,86095222.27782,0
1612774800000,1634.87,1652.00,1629.04,1630.81,91033.291,1612778399999,149231416.40310,78581,44888.258,73593215.06560,0
1612778400000,1630.68,1650.68,1627.26,1650.50,79822.357,1612781999999,130915083.28834,72030,41099.236,67429128.45299,0
1612782000000,1650.49,1669.00,1650.44,1664.03,133015.775,1612785599999,220917547.40394,94964,67618.752,112309736.41938,0
1612785600000,1664.11,1735.91,1645.00,1733.28,339774.758,1612789199999,572827619.97713,189789,164584.927,277410767.39216,0
1612789200000,1733.29,1758.24,1680.79,1688.87,389410.732,1612792799999,668294065.26637,227929,180567.000,310087584.95498,0
1612792800000,1688.87,1729.80,1688.10,1715.56,199238.383,1612796399999,340911103.12546,148391,101136.684,173081363.65896,0
1612796400000,1715.43,1766.40,1709.23,1737.78,293524.836,1612799999999,510363634.64137,208852,144275.619,250914293.38797,0
1612800000000,1737.80,1782.50,1718.45,1720.11,416096.176,1612803599999,728217037.08125,257104,193339.909,338404622.94714,0
1612803600000,1720.12,1734.43,1705.45,1713.52,176760.916,1612807199999,303773845.41717,122714,83566.015,143682148.16057,0
1612807200000,1713.53,1720.93,1690.87,1702.03,142813.452,1612810799999,243716853.55339,98463,61666.444,105304881.13473,0
1612810800000,1702.02,1713.20,1692.70,1701.83,90583.075,1612814399999,154386707.75570,70300,43473.829,74106724.17139,0
1612814400000,1701.84,1741.60,1696.97,1722.77,138428.777,1612817999999,237765109.98790,92687,74631.848,128168163.78635,0
1612818000000,1723.00,1726.70,1700.00,1701.14,102934.409,1612821599999,176621613.76486,82374,48524.921,83285019.61178,0
1612821600000,1701.14,1724.82,1699.56,1719.79,79464.181,1612825199999,136101646.04732,72908,40730.341,69767604.22674,0
1612825200000,1719.76,1758.99,1710.69,1755.61,227654.213,1612828799999,396525313.86257,157100,109347.336,190521412.28307,0
1612828800000,1755.60,1777.00,1738.32,1758.87,223728.415,1612832399999,393348127.62924,142347,104837.690,184376632.85153,0
1612832400000,1758.87,1758.96,1732.06,1739.90,92477.856,1612835999999,161175618.77921,76447,39180.602,68300738.90972,0
1612836000000,1739.90,1740.00,1713.20,1728.18,107502.570,1612839599999,185778737.86075,83528,52552.966,90843848.54021,0
1612839600000,1728.18,1741.97,1715.10,1738.89,83441.289,1612843199999,144498234.49611,67213,44614.644,77295546.96096,0
1612843200000,1739.07,1755.00,1731.39,1740.96,90296.434,1612846799999,157320356.13067,72114,47215.621,82264842.91503,0
1612846800000,1740.96,1753.25,1732.24,1746.64,66378.520,1612850399999,115753628.40119,60771,30082.328,52446186.75774,0
1612850400000,1746.63,1775.00,1734.69,1774.64,142755.066,1612853999999,250057192.90027,94340,74803.696,131047778.41651,0
1612854000000,1774.56,1776.00,1744.78,1754.21,133372.334,1612857599999,234410456.33917,93421,62940.627,110626361.15585,0
1612857600000,1753.81,1820.17,1753.81,1809.00,367786.182,1612861199999,661425012.17246,222241,184853.338,332429015.93165,0
1612861200000,1809.00,1830.47,1763.41,1779.43,271391.044,1612864799999,487667541.72716,167225,123288.865,221788320.16930,0
1612864800000,1779.43,1783.65,1727.96,1738.22,214563.080,1612868399999,377185441.40069,140859,93512.877,164494283.28912,0
1612868400000,1738.02,1765.21,1736.44,1758.51,143114.762,1612871999999,250826342.14573,97475,76543.636,134185120.57882,0
1612872000000,1758.48,1773.69,1725.00,1733.79,208052.539,1612875599999,363948315.41453,124694,97777.493,171176616.87095,0
1612875600000,1733.79,1746.40,1717.30,1743.08,189625.802,1612879199999,328583295.67811,118182,87467.241,151652628.30827,0
1612879200000,1743.07,1760.89,1735.27,1760.23,93791.597,1612882799999,163694427.58354,74143,45204.349,78936022.40405,0
1612882800000,1760.23,1761.00,1743.88,1751.09,101975.888,1612886399999,178658787.27601,75293,46647.849,81740883.33313,0
1612886400000,1751.10,1765.00,1721.93,1736.78,238488.028,1612889999999,415813883.63253,150252,111948.241,195241950.73763,0
1612890000000,1736.66,1751.13,1734.10,1744.33,75809.713,1612893599999,132082057.37814,72354,36271.145,63206520.89738,0
1612893600000,1744.34,1761.43,1739.39,1754.75,81949.946,1612897199999,143516156.59422,69152,42426.010,74302061.81867,0
1612897200000,1754.74,1778.00,1746.61,1778.00,82068.629,1612900799999,144436938.68913,71013,41700.187,73429676.04913,0
1612900800000,1777.99,1797.56,1767.82,1768.85,160344.058,1612904399999,285919329.85843,116016,76354.822,136207220.52230,0
1612904400000,1768.84,1775.99,1761.11,1770.48,70496.854,1612907999999,124789659.05473,56979,35052.573,62060563.72805,0
1612908000000,1770.49,1770.49,1753.33,1767.11,61974.861,1612911599999,109155573.07067,54351,29509.576,51995615.90216,0
1612911600000,1767.11,1779.99,1749.09,1770.79,87050.324,1612915199999,153819901.23572,75139,42575.066,75253953.68622,0
1612915200000,1770.99,1800.00,1761.00,1789.43,121349.604,1612918799999,216155176.19963,95654,60990.267,108651114.72005,0
1612918800000,1789.43,1811.00,1783.08,1809.37,105747.282,1612922399999,189546223.50096,74627,50155.172,89949670.41743,0
1612922400000,1809.37,1832.40,1801.00,1814.81,148105.342,1612925999999,269158492.55396,108158,75499.967,137254168.50055,0
1612926000000,1814.81,1830.00,1802.98,1815.08,106937.092,1612929599999,193991077.87326,81062,51518.753,93472130.31883,0
1612929600000,1815.08,1819.51,1771.00,1791.28,159822.379,1612933199999,285963103.28726,98566,73206.843,130960745.71620,0
1612933200000,1791.28,1806.86,1786.77,1801.76,73480.103,1612936799999,132065469.23589,62056,36883.164,66302784.99657,0
1612936800000,1801.76,1831.76,1801.76,1806.96,126915.859,1612940399999,230804655.60461,88660,59646.808,108478461.52210,0
1612940400000,1806.99,1823.97,1805.00,1816.73,99030.992,1612943999999,179822008.20386,66282,51360.679,93285142.06176,0
1612944000000,1816.73,1848.00,1795.19,1810.23,241675.732,1612947599999,440081289.15389,132989,121798.666,221906413.50453,0
1612947600000,1810.23,1823.30,1785.00,1796.14,114810.455,1612951199999,207362923.99638,78350,49627.804,89677514.00144,0
1612951200000,1796.13,1815.21,1786.31,1798.95,118103.191,1612954799999,212821525.29304,79950,55900.102,100711305.47631,0
1612954800000,1798.98,1801.50,1775.00,1796.02,116953.094,1612958399999,209176117.96754,80812,52035.014,93110147.74720,0
1612958400000,1796.02,1796.36,1683.08,1746.37,408693.592,1612961999999,712224172.27764,242866,181597.456,316697189.94740,0
1612962000000,1746.37,1756.10,1725.20,1747.02,162893.052,1612965599999,284002299.97730,124732,73896.518,128893727.61331,0
1612965600000,1747.03,1764.99,1713.73,1724.52,243930.735,1612969199999,423798068.98956,156001,122116.809,212216286.93768,0
1612969200000,1724.52,1731.31,1680.00,1715.47,304722.973,1612972799999,520362002.37375,201666,141037.329,240896034.71885,0
1612972800000,1715.49,1739.20,1692.13,1729.11,212477.919,1612976399999,365803396.71705,143825,105576.867,181772179.88526,0
1612976400000,1729.11,1751.64,1716.36,1738.58,109718.674,1612979999999,190355344.80267,87702,51810.439,89917323.76298,0
1612980000000,1738.52,1748.00,1729.07,1743.74,71583.257,1612983599999,124405645.16513,65692,31876.535,55403675.86920,0
1612983600000,1743.74,1749.50,1721.21,1744.46,98746.953,1612987199999,171533191.30296,80378,45867.376,79675713.49566,0
1612987200000,1744.45,1746.94,1707.56,1713.47,69673.540,1612990799999,120316430.10536,64366,31430.798,54302959.99667,0
1612990800000,1713.46,1730.29,1706.51,1729.62,85980.553,1612994399999,147797227.04761,67509,46527.922,80005705.89532,0
1612994400000,1729.62,1752.99,1725.21,1751.52,55342.114,1612997999999,96379600.28756,53185,26685.872,46487379.54273,0
1612998000000,1751.71,1762.46,1737.55,1743.31,85446.163,1613001599999,149499973.23993,68511,39065.034,68389478.48421,0
1613001600000,1743.30,1752.58,1710.00,1720.29,118396.163,1613005199999,204799069.33998,90063,55151.429,95415996.12682,0
1613005200000,1720.29,1727.52,1704.21,1710.15,81808.385,1613008799999,140404175.44762,67683,39356.683,67570581.47185,0
1613008800000,1710.20,1735.59,1709.89,1735.50,44225.131,1613012399999,76243499.04380,45387,24374.401,42029634.94123,0
1613012400000,1735.51,1755.00,1731.73,1745.86,54275.909,1613015999999,94570884.26497,50990,24125.472,42043359.24343,0
1613016000000,1745.84,1751.04,1722.00,1725.28,74896.056,1613019599999,129862021.71236,64906,30512.663,52899528.49022,0
1613019600000,1725.28,1732.00,1718.86,1720.31,65677.417,1613023199999,113352868.02240,73042,35651.657,61542406.47740,0
1613023200000,1720.31,1735.52,1720.31,1728.28,51811.410,1613026799999,89552927.19510,50624,25729.512,44473158.62146,0
1613026800000,1728.27,1750.19,1728.27,1739.57,85434.912,1613030399999,148806618.50832,66133,41261.114,71873999.95694,0
1613030400000,1739.47,1756.99,1732.87,1754.61,78145.799,1613033999999,136347464.87939,66752,41165.293,71826793.20662,0
1613034000000,1754.75,1771.83,1745.70,1768.61,97983.216,1613037599999,172281558.01611,75049,54004.182,94980160.54255,0
1613037600000,1768.61,1792.09,1764.24,1787.95,116631.605,1613041199999,207338662.58597,84691,61811.823,109900172.76501,0
1613041200000,1787.95,1791.39,1762.00,1766.95,122297.475,1613044799999,217504948.73170,83338,46942.910,83542056.37014,0
1613044800000,1767.01,1795.46,1766.53,1783.16,88975.250,1613048399999,158789938.32541,73599,46782.046,83474494.13688,0
1613048400000,1783.17,1827.07,1782.18,1794.33,270505.670,1613051999999,488908149.63342,150541,123440.742,223152408.29072,0
1613052000000,1794.33,1810.00,1787.00,1800.90,92271.822,1613055599999,165992966.16672,73926,47393.963,85253874.72175,0
1613055600000,1800.91,1811.63,1790.57,1800.69,90967.878,1613059199999,163690699.53322,68092,43052.555,77476967.60971,0
1613059200000,1800.70,1815.00,1790.28,1795.23,113792.798,1613062799999,205108302.02751,82155,52467.740,94584779.27084,0
1613062800000,1795.23,1797.90,1781.16,1784.03,90156.632,1613066399999,161211559.13706,68721,39921.563,71390540.84498,0
1613066400000,1784.03,1799.30,1777.52,1799.00,71388.939,1613069999999,127908702.58080,57428,36493.093,65421298.32223,0
1613070000000,1798.99,1805.49,1790.62,1794.77,65652.496,1613073599999,117978406.52799,58416,33415.854,60047386.28687,0
1613073600000,1794.55,1814.75,1760.00,1763.63,171925.371,1613077199999,306673481.80887,116047,83132.918,148256512.40747,0
1613077200000,1763.63,1775.96,1758.00,1769.82,105729.661,1613080799999,186820351.06218,78122,49338.509,87197169.13364,0
1613080800000,1769.87,1788.48,1767.13,1783.67,45598.355,1613084399999,81075118.89927,51123,22865.126,40654647.91090,0
1613084400000,1783.77,1794.13,1776.07,1789.32,58213.849,1613087999999,104034121.84365,58321,26351.436,47105329.47682,0
1613088000000,1789.32,1812.85,1788.24,1796.62,122420.375,1613091599999,220493015.63079,97815,60404.661,108816112.28410,0
1613091600000,1796.62,1797.95,1787.40,1793.88,63173.194,1613095199999,113277475.56067,58221,28921.146,51872456.59267,0
1613095200000,1793.87,1793.87,1772.69,1779.87,60457.694,1613098799999,107789265.19960,57010,25308.504,45132742.25286,0
1613098800000,1779.87,1780.86,1766.00,1768.45,54296.239,1613102399999,96260269.06711,51378,25740.162,45638596.20967,0
1613102400000,1768.45,1768.45,1740.22,1750.88,141729.442,1613105999999,248327553.28674,97465,64939.632,113792046.07472,0
1613106000000,1750.84,1766.57,1745.33,1762.47,73365.139,1613109599999,128931925.57978,61197,41336.825,72646486.41238,0
1613109600000,1762.48,1764.10,1747.72,1763.20,66451.339,1613113199999,116686474.95010,58866,30961.796,54378506.98187,0
1613113200000,1763.20,1774.76,1757.98,1770.53,65537.311,1613116799999,115856961.19424,60261,32093.370,56745203.60403,0
1613116800000,1770.52,1780.00,1764.00,1768.71,63906.903,1613120399999,113247901.92089,62337,30698.721,54422277.15606,0
1613120400000,1768.71,1769.19,1753.04,1768.63,70500.385,1613123999999,124240487.90587,57150,33302.607,58697823.05813,0
1613124000000,1768.63,1776.70,1767.60,1770.84,52830.907,1613127599999,93667767.58793,51409,25741.896,45643418.64673,0
1613127600000,1770.84,1788.02,1770.21,1780.01,66215.351,1613131199999,117956600.23531,58399,35782.246,63741531.14665,0
1613131200000,1780.17,1786.89,1771.50,1784.64,67574.470,1613134799999,120208890.54947,56318,33532.246,59663221.93105,0
1613134800000,1784.65,1800.70,1781.05,1795.35,83502.323,1613138399999,149772549.27486,64780,43708.842,78403212.01666,0
1613138400000,1795.36,1807.89,1750.00,1762.40,262020.487,1613141999999,465639283.75187,145826,119204.896,211816045.56497,0
1613142000000,1762.39,1795.00,1762.00,1790.44,141903.037,1613145599999,252401952.90741,95132,71557.145,127247759.16937,0
1613145600000,1790.47,1834.22,1790.47,1832.34,248231.644,1613149199999,449787457.25116,152083,130563.784,236656346.61071,0
1613149200000,1832.34,1859.00,1819.56,1852.70,250331.691,1613152799999,460474396.86229,156565,122817.752,225985435.63081,0
1613152800000,1852.69,1862.33,1816.20,1833.03,222908.303,1613156399999,409416387.73236,129338,99528.189,182904932.50918,0
1613156400000,1833.02,1847.17,1831.53,1845.53,82263.578,1613159999999,151330305.97558,68534,42802.206,78747956.17357,0
1613160000000,1845.38,1867.90,1845.38,1853.51,129297.285,1613163599999,240326256.23942,88906,65434.932,121625859.22309,0
1613163600000,1853.46,1860.38,1842.21,1853.57,68202.055,1613167199999,126318323.34863,66918,33611.659,62274386.40132,0
1613167200000,1853.51,1856.89,1834.68,1856.31,58136.246,1613170799999,107424297.48187,53710,27974.271,51711844.75417,0
1613170800000,1856.32,1872.86,1831.51,1843.08,135560.866,1613174399999,250973486.30901,92925,69561.107,128815383.73721,0
1613174400000,1843.08,1867.96,1842.62,1861.89,110129.627,1613177999999,204688363.68568,82834,53803.698,99995486.92933,0
1613178000000,1861.90,1872.55,1847.60,1859.54,71867.945,1613181599999,133728198.12708,65852,37345.535,69498926.09835,0
1613181600000,1859.59,1867.75,1852.34,1867.57,65428.730,1613185199999,121630750.32808,55449,32478.684,60368568.55889,0
1613185200000,1867.51,1878.88,1857.57,1870.02,82454.864,1613188799999,154167989.58613,62619,41151.210,76954981.60929,0
1613188800000,1870.02,1872.00,1857.00,1862.23,62163.857,1613192399999,115904023.12522,50650,29767.748,55510126.50601,0
1613192400000,1862.23,1863.00,1840.51,1852.49,80418.775,1613195999999,148861102.24230,62991,33961.661,62863240.62660,0
1613196000000,1852.50,1854.47,1825.00,1844.04,78890.493,1613199599999,145100451.80024,61839,33546.717,61721988.85774,0
1613199600000,1844.02,1847.63,1806.00,1806.97,134646.883,1613203199999,245607132.44689,92153,62234.488,113556752.62616,0
1613203200000,1807.16,1830.80,1796.00,1829.21,165743.122,1613206799999,300691144.25541,98041,86344.498,156697713.00417,0
1613206800000,1829.20,1840.84,1822.62,1830.74,70356.498,1613210399999,128899121.16721,62622,35505.148,65060493.10322,0
1613210400000,1830.73,1830.73,1800.00,1800.00,162465.865,1613213999999,294650805.17738,99948,64653.992,117271736.97453,0
1613214000000,1800.00,1804.77,1764.79,1785.00,291359.310,1613217599999,520497074.58024,172329,135319.828,241799266.74590,0
1613217600000,1784.84,1812.81,1767.00,1797.30,166813.429,1613221199999,299477696.25192,108688,81909.231,147086046.79906,0
1613221200000,1797.30,1813.91,1790.71,1808.63,92062.159,1613224799999,165912935.56732,76220,46227.126,83315213.33747,0
1613224800000,1808.64,1811.84,1791.60,1810.18,76769.642,1613228399999,138345353.48578,67076,34771.061,62682137.42459,0
1613228400000,1810.18,1828.00,1807.01,1819.27,121942.513,1613231999999,221905538.38297,88007,62560.219,113857479.71791,0
1613232000000,1819.27,1827.14,1801.00,1813.19,106694.903,1613235599999,193617375.67349,85525,48721.580,88427890.72937,0
1613235600000,1813.20,1814.02,1785.00,1796.64,83648.098,1613239199999,150676153.80345,68014,35838.812,64588289.94395,0
1613239200000,1796.64,1814.44,1787.54,1804.40,73596.565,1613242799999,132717368.19254,63437,35995.192,64918921.25438,0
1613242800000,1804.37,1814.00,1795.35,1802.27,56991.750,1613246399999,102843358.74475,56944,29014.029,52345883.79147,0
1613246400000,1802.59,1805.10,1790.00,1803.00,59868.439,1613249999999,107598122.11834,58598,27786.869,49953818.03952,0
1613250000000,1803.01,1823.00,1800.41,1815.62,64933.856,1613253599999,117624769.40761,60914,33052.369,59864838.61571,0
1613253600000,1815.45,1823.00,1806.84,1818.84,45453.961,1613257199999,82577589.79844,43930,22280.328,40491137.17971,0
1613257200000,1818.85,1827.00,1813.37,1818.02,56757.267,1613260799999,103360873.91973,51193,27801.448,50646761.95382,0
1613260800000,1817.86,1835.65,1809.79,1835.15,87876.429,1613264399999,160376466.45615,80788,42903.319,78325747.29785,0
1613264400000,1835.15,1843.90,1829.18,1837.25,64556.869,1613267999999,118552769.05218,66704,29568.245,54312277.75046,0
1613268000000,1837.25,1847.47,1825.01,1828.68,65422.290,1613271599999,120353158.48490,58323,28759.876,52940869.27963,0
1613271600000,1828.63,1834.37,1810.40,1813.52,71137.486,1613275199999,129837255.27626,55027,29995.251,54766790.96265,0
1613275200000,1813.41,1823.67,1804.11,1819.70,65527.741,1613278799999,118952705.23147,55342,33691.009,61170260.20793,0
1613278800000,1819.70,1850.00,1815.94,1845.59,85904.937,1613282399999,157276284.79807,68613,42908.105,78578913.95926,0
1613282400000,1845.60,1857.67,1838.00,1841.19,135620.520,1613285999999,250767543.65190,87122,57474.688,106292415.23318,0
1613286000000,1841.20,1844.81,1832.75,1835.08,62766.214,1613289599999,115433442.48087,51491,29301.226,53903013.49573,0
1613289600000,1835.17,1846.46,1828.44,1833.56,59425.176,1613293199999,109250411.58028,51196,27039.331,49728050.31038,0
1613293200000,1833.56,1845.55,1830.63,1844.04,44093.802,1613296799999,81091418.02868,45387,25003.132,45985325.42696,0
1613296800000,1844.05,1853.99,1837.84,1841.34,62399.816,1613300399999,115199851.96434,56763,26404.408,48762271.50546,0
1613300400000,1841.35,1842.35,1831.00,1835.65,63581.769,1613303999999,116676185.32718,53147,29649.095,54411992.54832,0
1613304000000,1835.65,1849.36,1832.75,1841.87,62685.549,1613307599999,115497992.94996,57466,30787.158,56713080.11334,0
1613307600000,1841.87,1844.77,1803.30,1813.10,135844.700,1613311199999,247640634.97055,96026,56919.185,103780321.53446,0
1613311200000,1813.10,1824.00,1796.34,1809.46,108202.953,1613314799999,196023248.01195,80492,47894.481,86790788.89509,0
1613314800000,1809.46,1815.46,1785.23,1802.84,143986.624,1613318399999,259047560.75008,101087,64810.168,116634534.66669,0
1613318400000,1802.84,1814.97,1792.87,1813.46,85020.147,1613321999999,153517989.49067,70927,45119.719,81488569.21950,0
1613322000000,1813.43,1817.34,1804.50,1805.79,50526.861,1613325599999,91466558.84027,49624,23988.215,43432607.36229,0
1613325600000,1805.79,1814.95,1800.05,1809.99,51980.768,1613329199999,93960992.42755,49258,25308.891,45754019.13005,0
1613329200000,1810.00,1814.70,1798.85,1807.10,49447.884,1613332799999,89361489.60511,48649,22808.947,41222282.84729,0
1613332800000,1807.10,1823.67,1802.52,1818.99,59634.171,1613336399999,108303897.46899,51885,31865.920,57864857.70122,0
1613336400000,1818.99,1829.55,1814.13,1828.01,44345.868,1613339999999,80859031.50842,44363,21405.139,39030726.45906,0
1613340000000,1828.02,1834.76,1823.40,1825.72,46574.635,1613343599999,85220134.88744,45631,19388.387,35477212.70133,0
1613343600000,1825.73,1828.50,1802.70,1803.59,67105.028,1613347199999,121803794.63772,54707,26489.190,48078828.18763,0
1613347200000,1804.00,1816.26,1803.59,1810.00,57100.125,1613350799999,103351891.55844,52763,33363.855,60393791.29226,0
1613350800000,1810.01,1815.65,1733.73,1754.53,322049.920,1613354399999,569616844.77623,178763,138720.514,245213293.35422,0
1613354400000,1754.53,1763.00,1652.00,1720.00,540113.283,1613357999999,921251665.32068,302886,240698.661,410695583.08417,0
1613358000000,1720.00,1738.13,1696.59,1729.10,201929.869,1613361599999,347710160.07748,134203,95663.377,164834964.66707,0
1613361600000,1729.10,1729.11,1688.63,1724.99,188047.021,1613365199999,321496905.98286,119833,92400.918,158023858.37769,0
1613365200000,1724.94,1734.60,1703.70,1723.58,113642.032,1613368799999,195438555.84938,79498,56813.222,97749046.37129,0
1613368800000,1723.56,1747.97,1722.38,1737.78,93028.395,1613372399999,161765482.31863,69936,45049.018,78348583.99406,0
1613372400000,1737.61,1761.09,1736.06,1750.22,94307.804,1613375999999,165146457.09243,78639,48626.675,85158767.61399,0
1613376000000,1750.23,1771.53,1741.38,1763.90,114578.772,1613379599999,201609238.72712,81842,58706.294,103317435.12863,0
1613379600000,1763.90,1772.00,1753.00,1764.71,81924.295,1613383199999,144346365.34638,62547,37182.978,65524639.73748,0
1613383200000,1764.57,1775.64,1757.00,1773.60,84153.735,1613386799999,148556680.14010,67080,42081.878,74297607.08034,0
1613386800000,1773.59,1798.00,1771.00,1789.35,121809.872,1613390399999,217550198.51393,85596,60007.770,107151885.06434,0
1613390400000,1789.36,1813.04,1778.49,1807.95,122426.237,1613393999999,219740730.12793,86777,58296.975,104629028.50139,0
1613394000000,1807.79,1817.44,1799.12,1805.49,96664.521,1613397599999,174869883.59907,71043,41475.500,75042496.67767,0
1613397600000,1805.49,1815.42,1785.11,1787.93,93970.702,1613401199999,169320548.73466,72889,42326.372,76305231.91167,0
1613401200000,1787.93,1813.75,1787.33,1812.82,75293.623,1613404799999,135620261.50291,64671,40208.095,72431934.83015,0
1613404800000,1812.88,1839.00,1812.82,1823.32,171449.315,1613408399999,313303578.28958,119231,81055.234,148132493.96688,0
1613408400000,1823.31,1831.91,1815.08,1822.42,63708.251,1613411999999,116076662.41987,59641,30347.742,55311545.64049,0
1613412000000,1822.43,1829.13,1807.70,1809.73,56539.621,1613415599999,102951746.14749,49132,24276.165,44224456.78885,0
1613415600000,1809.71,1829.07,1809.38,1828.11,50494.719,1613419199999,92113140.85224,47209,27311.219,49818389.05405,0
1613419200000,1828.12,1839.63,1819.40,1827.81,84048.083,1613422799999,153896184.74513,67058,40799.871,74717770.86775,0
1613422800000,1827.82,1832.70,1789.26,1792.49,119967.452,1613426399999,217268756.87831,84400,50054.572,90700007.50746,0
1613426400000,1792.49,1803.26,1765.57,1801.85,170976.631,1613429999999,305196415.52954,112928,84517.309,150917653.80634,0
1613430000000,1801.89,1809.90,1772.34,1781.34,120471.532,1613433599999,215903030.73456,90419,54741.981,98136335.16129,0
1613433600000,1781.34,1786.00,1747.96,1777.71,175396.147,1613437199999,309986411.78045,127419,77684.899,137383157.64759,0
1613437200000,1777.74,1805.93,1775.27,1804.87,90221.074,1613440799999,161776683.19166,76346,45383.408,81361933.98435,0
1613440800000,1804.89,1810.43,1797.50,1802.82,53890.595,1613444399999,97223583.55377,56059,25092.652,45273392.55371,0
1613444400000,1802.82,1831.58,1800.91,1825.36,123460.626,1613447999999,224682510.08469,85035,61957.747,112768911.68333,0
1613448000000,1825.29,1831.48,1813.30,1815.87,116946.862,1613451599999,212903609.05738,78275,56893.111,103573578.85454,0
1613451600000,1816.03,1823.04,1805.12,1812.64,63234.708,1613455199999,114715724.52319,55133,26621.418,48314248.24821,0
1613455200000,1812.65,1812.96,1782.62,1799.36,86665.917,1613458799999,155753395.45896,71736,40054.268,71966396.98580,0
1613458800000,1799.36,1804.56,1787.00,1799.20,58316.231,1613462399999,104739644.67693,61123,30330.655,54487860.35974,0
1613462400000,1799.21,1812.33,1794.96,1811.82,84872.884,1613465999999,153080481.92478,67340,42298.007,76322853.17074,0
1613466000000,1811.83,1811.83,1798.93,1806.27,40214.153,1613469599999,72607613.16165,44702,19137.739,34560103.03912,0
1613469600000,1806.27,1809.00,1790.37,1797.60,58953.474,1613473199999,106065547.25546,51897,28065.490,50499780.94207,0
1613473200000,1797.60,1797.96,1780.33,1786.09,70695.766,1613476799999,126472149.11582,61488,31318.973,56045017.05812,0
1613476800000,1786.07,1831.00,1771.66,1804.20,339879.215,1613480399999,613869859.72972,202665,164158.472,296643538.76350,0
1613480400000,1804.20,1810.00,1777.00,1780.65,147079.895,1613483999999,263456089.16456,98258,62461.164,111918138.47229,0
1613484000000,1780.63,1792.39,1763.59,1785.71,139750.454,1613487599999,248443927.83399,101334,67125.244,119377968.28944,0
1613487600000,1785.72,1796.00,1775.29,1775.76,77399.570,1613491199999,138303870.87360,66977,32712.918,58476444.15500,0
1613491200000,1775.93,1784.83,1751.10,1752.64,153001.031,1613494799999,270424542.10546,122557,64781.662,114552328.01515,0
1613494800000,1752.49,1769.38,1742.97,1754.68,119312.702,1613498399999,209788807.13652,92580,61200.315,107666268.23470,0
1613498400000,1754.69,1764.03,1726.01,1759.73,169187.798,1613501999999,295018327.04621,120492,83741.314,146100576.19856,0
1613502000000,1759.66,1764.75,1751.17,1754.54,60829.430,1613505599999,106999912.76170,55701,26558.560,46732288.30975,0
1613505600000,1754.53,1754.99,1731.15,1754.40,107993.317,1613509199999,188135528.17676,81524,53306.143,92875031.72934,0
1613509200000,1754.35,1758.07,1740.28,1755.25,70482.650,1613512799999,123281822.69281,63463,31873.276,55767891.46967,0
1613512800000,1755.27,1772.66,1750.08,1770.44,44800.943,1613516399999,78922857.12693,48837,23702.843,41790116.75069,0
1613516400000,1770.44,1787.28,1767.16,1784.31,84192.432,1613519999999,149855240.52713,64111,38485.563,68493303.37505,0
1613520000000,1784.31,1789.17,1764.26,1768.80,69254.206,1613523599999,123236615.35849,58098,28615.353,50958988.94218,0
1613523600000,1768.38,1781.00,1761.05,1764.22,66278.567,1613527199999,117309428.21058,55506,29648.057,52492906.33761,0
1613527200000,1764.23,1785.00,1763.28,1773.55,78557.976,1613530799999,139665890.21829,66708,38246.630,67992393.60403,0
1613530800000,1773.54,1776.15,1744.26,1755.90,88590.379,1613534399999,155732972.49916,72043,41831.596,73537897.48830,0
1613534400000,1756.08,1765.00,1735.66,1741.32,86527.883,1613537999999,151175689.69701,70915,41224.531,72055649.58314,0
1613538000000,1741.37,1752.65,1737.10,1750.25,55820.956,1613541599999,97518901.40038,51844,28657.931,50070713.85724,0
1613541600000,1750.27,1779.16,1747.00,1775.28,102285.511,1613545199999,180626631.70340,82502,52831.436,93273784.97884,0
1613545200000,1775.28,1810.00,1772.67,1807.48,167532.314,1613548799999,300672783.38594,131626,84157.476,151036399.97177,0
1613548800000,1807.50,1813.04,1793.14,1804.26,111030.971,1613552399999,200172262.44110,91187,51034.464,92034718.82109,0
1613552400000,1804.26,1825.00,1802.02,1816.12,122213.906,1613555999999,221878270.21585,89345,62043.099,112647333.69379,0
1613556000000,1816.13,1828.00,1806.00,1812.67,101273.961,1613559599999,184149816.36583,79428,46930.186,85359536.72803,0
1613559600000,1812.68,1820.00,1808.74,1812.02,62523.872,1613563199999,113470313.32506,59019,29893.603,54260314.34981,0
1613563200000,1812.01,1852.39,1811.00,1832.60,238306.894,1613566799999,437630345.52774,145220,122932.829,225721355.68616,0
1613566800000,1832.81,1837.92,1810.21,1827.71,119119.520,1613570399999,217174064.55388,94316,57216.161,104336310.70635,0
1613570400000,1827.72,1831.61,1810.28,1822.12,82944.519,1613573999999,151012528.39245,71857,38345.040,69822640.96079,0
1613574000000,1822.12,1827.91,1807.41,1812.68,111522.805,1613577599999,202644470.92308,84072,46142.306,83851163.79044,0
1613577600000,1812.68,1829.79,1803.00,1819.61,137732.904,1613581199999,250119801.50661,97688,65819.261,119550775.75866,0
1613581200000,1819.61,1827.00,1813.56,1824.48,48415.343,1613584799999,88167569.38119,49060,24273.521,44210814.12004,0
1613584800000,1824.48,1829.99,1819.00,1823.64,60383.614,1613588399999,110156213.71835,50427,32906.985,60039286.61038,0
1613588400000,1823.63,1849.00,1821.72,1844.70,94379.114,1613591999999,173335537.61782,75961,50024.753,91892688.54416,0
1613592000000,1844.66,1848.50,1830.51,1834.99,77278.767,1613595599999,142221180.85264,64353,34974.143,64394395.02597,0
1613595600000,1834.99,1863.21,1826.78,1861.89,114310.538,1613599199999,211323663.52540,84495,63368.617,117172343.80768,0
1613599200000,1861.76,1864.26,1832.29,1839.90,83136.543,1613602799999,153498434.07658,70046,35409.417,65380642.00775,0
1613602800000,1839.76,1852.00,1832.79,1849.86,61494.203,1613606399999,113330225.25683,58428,29266.356,53946234.00230,0
1613606400000,1849.87,1878.00,1849.37,1876.54,121405.656,1613609999999,226186549.64836,92533,63004.808,117397318.54470,0
1613610000000,1876.53,1924.77,1871.84,1913.36,267751.020,1613613599999,509360209.07852,159891,140613.721,267510973.19874,0
1613613600000,1913.35,1924.77,1898.00,1915.47,101539.687,1613617199999,194056681.15230,82088,43990.400,84086740.80735,0
1613617200000,1915.48,1916.00,1893.00,1899.58,80441.391,1613620799999,153041414.91824,69249,34778.614,66177480.21868,0
1613620800000,1899.59,1907.00,1885.00,1905.00,83244.834,1613624399999,157829911.92474,70387,41034.968,77840827.08057,0
1613624400000,1905.00,1915.00,1900.88,1904.96,50419.178,1613627999999,96148644.96805,57892,22832.008,43555141.65188,0
1613628000000,1904.97,1910.81,1891.00,1900.00,64445.195,1613631599999,122515695.48098,62487,30301.587,57622670.00053,0
1613631600000,1900.04,1911.49,1882.01,1903.59,113490.931,1613635199999,215101680.29854,89470,54163.196,102672748.22460,0
1613635200000,1903.65,1917.53,1891.05,1896.96,92266.708,1613638799999,175533677.88095,80895,45111.202,85827662.65988,0
1613638800000,1896.96,1911.58,1888.00,1907.34,79467.857,1613642399999,151063604.16485,71054,37293.430,70883224.75620,0
1613642400000,1907.35,1938.50,1907.33,1923.57,159215.283,1613645999999,306639631.44339,119293,79930.840,153940821.68816,0
1613646000000,1923.56,1927.90,1892.00,1902.65,149705.044,1613649599999,285513151.65264,107784,71720.155,136772125.72399,0
1613649600000,1902.65,1909.58,1883.00,1903.85,135476.174,1613653199999,256968324.09294,93201,70286.557,133377396.57997,0
1613653200000,1903.86,1922.96,1897.13,1916.08,79594.713,1613656799999,152194715.99238,75819,41905.596,80135116.13057,0
1613656800000,1916.07,1928.00,1908.91,1925.87,90916.757,1613660399999,174469238.87986,74992,43598.731,83700918.99889,0
1613660400000,1926.01,1926.98,1901.15,1910.99,122498.376,1613663999999,234335244.57115,91980,55344.837,105874952.59597,0
1613664000000,1911.02,1925.87,1908.86,1925.39,93742.425,1613667599999,179873542.55312,82757,46082.953,88435822.70255,0
1613667600000,1925.39,1926.82,1915.97,1919.67,51269.472,1613671199999,98506133.72277,53123,25794.803,49564392.20941,0
1613671200000,1919.67,1944.12,1915.00,1929.97,103622.233,1613674799999,200228219.15088,89519,50635.854,97861913.27037,0
1613674800000,1929.98,1942.88,1920.76,1925.11,65696.745,1613678399999,127028389.24718,62562,30759.181,59493916.30779,0
1613678400000,1925.11,1945.00,1917.55,1941.21,78165.282,1613681999999,151250806.87444,71991,38207.297,73915374.40335,0
1613682000000,1941.21,1955.00,1936.60,1948.23,89191.474,1613685599999,173773945.89001,83897,45597.065,88848583.99072,0
1613685600000,1948.23,1951.45,1933.79,1939.33,59586.313,1613689199999,115714273.61085,60642,25384.267,49302718.23550,0
1613689200000,1939.33,1945.53,1915.97,1941.26,114191.218,1613692799999,220465586.11331,88279,53019.943,102418876.63039,0
1613692800000,1941.12,1955.84,1928.25,1931.81,119877.261,1613696399999,233178912.21868,102046,54420.663,105893714.25918,0
1613696400000,1931.72,1940.64,1911.36,1921.20,124663.386,1613699999999,240174556.39786,101965,58960.564,113665892.24371,0
1613700000000,1921.20,1923.23,1894.00,1919.17,169159.096,1613703599999,323198425.22119,120968,80343.964,153587948.32445,0
1613703600000,1919.17,1928.55,1911.71,1913.80,62999.678,1613707199999,120991596.08056,63578,29239.465,56169361.66119,0
1613707200000,1913.84,1926.07,1902.00,1907.04,80795.167,1613710799999,154436780.43988,76298,42687.848,81615986.21379,0
1613710800000,1907.03,1922.85,1906.74,1919.90,60489.043,1613714399999,115863309.60586,67212,31248.982,59865799.82352,0
1613714400000,1919.76,1927.64,1916.26,1927.00,61389.661,1613717999999,118033318.83758,59849,32571.174,62635380.84756,0
1613718000000,1926.99,1931.35,1922.00,1922.01,47970.130,1613721599999,92454412.30095,50011,22235.930,42864630.59016,0
1613721600000,1922.01,1931.46,1916.03,1927.38,60885.618,1613725199999,117118027.09002,55297,29615.848,56973715.17710,0
1613725200000,1927.38,1948.26,1927.38,1937.55,105717.969,1613728799999,204978968.29863,84229,52834.838,102447110.18157,0
1613728800000,1937.55,1944.34,1930.00,1933.43,47397.428,1613732399999,91837967.91680,49037,21200.930,41091587.08798,0
1613732400000,1933.44,1939.98,1928.18,1939.68,37946.550,1613735999999,73433419.34511,44081,19091.430,36953914.89474,0
1613736000000,1939.74,1945.30,1931.30,1932.48,57272.839,1613739599999,110991295.90413,55510,30310.154,58740387.67754,0
1613739600000,1932.52,1936.63,1918.24,1926.87,85962.801,1613743199999,165583713.70301,70430,39773.872,76626731.23911,0
1613743200000,1926.86,1931.74,1916.00,1919.10,93698.851,1613746799999,180217645.83580,71420,42991.809,82735423.11969,0
1613746800000,1918.99,1945.00,1917.00,1933.39,109031.418,1613750399999,210826925.70964,85169,51159.985,98926303.37435,0
1613750400000,1932.84,1967.17,1932.40,1950.79,182461.614,1613753999999,356421799.72676,126768,86785.323,169536715.20588,0
1613754000000,1950.80,1975.11,1945.50,1968.33,104550.359,1613757599999,205469694.93966,79118,50790.575,99817630.44006,0
1613757600000,1968.34,1978.09,1957.14,1973.34,59757.833,1613761199999,117705485.34132,56784,27066.413,53339592.87254,0
1613761200000,1973.35,1980.00,1951.00,1960.03,81219.508,1613764799999,159588826.18308,70491,32346.652,63588975.91246,0
1613764800000,1960.03,1968.00,1950.70,1956.66,55716.283,1613768399999,109226549.43420,52114,27622.117,54173634.67595,0
1613768400000,1956.70,1972.13,1956.54,1962.48,53661.092,1613771999999,105379529.51680,54254,29879.315,58678213.96746,0
1613772000000,1962.63,1965.80,1951.40,1956.50,38090.904,1613775599999,74622236.81726,45042,17987.458,35240637.43534,0
1613775600000,1956.51,1967.95,1953.50,1958.58,43184.381,1613779199999,84739757.77821,47200,21610.101,42405612.76685,0
1613779200000,1958.59,1965.50,1926.88,1938.32,157527.142,1613782799999,306140012.73124,123405,65120.459,126600758.79909,0
1613782800000,1938.33,1956.00,1937.18,1954.09,70530.587,1613786399999,137435739.08565,83561,33919.068,66100018.62340,0
1613786400000,1953.83,1991.92,1945.71,1988.41,105738.837,1613789999999,208453217.47218,100089,57134.188,112660571.66969,0
1613790000000,1988.25,2028.95,1981.20,2024.88,292071.849,1613793599999,584267229.47340,177486,156018.671,312255231.17876,0
1613793600000,2024.76,2048.00,2012.62,2027.62,179992.342,1613797199999,365592148.41605,134247,89365.849,181538697.50807,0
1613797200000,2027.61,2037.66,2002.66,2019.82,110551.243,1613800799999,223374150.66344,85899,52590.080,106278602.40036,0
1613800800000,2019.81,2037.71,2016.00,2031.74,61531.211,1613804399999,124858805.14932,65137,33650.674,68289788.22285,0
1613804400000,2031.74,2033.29,1983.80,1989.56,165826.636,1613807999999,333372816.65914,110627,67013.604,134811390.58483,0
1613808000000,1989.28,2017.66,1988.91,1997.65,112343.962,1613811599999,225364494.23859,85143,53634.215,107594588.61495,0
1613811600000,1997.64,2017.95,1997.00,2008.03,78883.769,1613815199999,158476181.73711,61543,38397.097,77154687.44320,0
1613815200000,2008.02,2014.48,1999.00,2010.77,55204.295,1613818799999,110828452.90240,49988,27594.419,55408931.35228,0
1613818800000,2010.77,2020.00,2003.00,2006.07,54219.664,1613822399999,109049673.47598,59437,26272.800,52851357.75233,0
1613822400000,2006.06,2037.60,2003.67,2029.45,118412.800,1613825999999,240050117.05414,91575,62534.329,126745939.70646,0
1613826000000,2029.45,2044.51,2028.48,2033.40,71862.284,1613829599999,146235087.22189,66396,36066.484,73390452.54301,0
1613829600000,2033.39,2040.56,1985.00,1993.58,149865.971,1613833199999,301570184.18569,102688,61181.372,123168816.00494,0
1613833200000,1993.56,2010.76,1960.00,1981.16,259902.857,1613836799999,515694900.86553,161268,117055.608,232348422.54933,0
1613836800000,1981.71,2008.94,1978.91,2004.15,124029.986,1613840399999,247370280.66320,89055,60160.150,120001984.67594,0
1613840400000,2004.15,2025.00,1992.00,2000.46,98747.619,1613843999999,198348024.53343,80352,41910.862,84207923.41565,0
1613844000000,2000.45,2005.52,1991.34,1999.12,47341.996,1613847599999,94683971.10371,49352,21530.250,43072045.43155,0
1613847600000,1999.11,2006.41,1983.00,1995.72,55081.962,1613851199999,109735646.85858,53168,27119.569,54048368.44604,0
1613851200000,1995.73,1996.77,1964.22,1988.31,98939.541,1613854799999,195987974.13134,78452,47479.314,94058966.72186,0
1613854800000,1988.31,1988.32,1952.42,1966.01,107805.958,1613858399999,212125123.52010,85397,51156.346,100664098.02286,0
1613858400000,1966.08,1966.80,1792.00,1895.10,455168.179,1613861999999,859101907.39631,283666,189997.420,358858304.97064,0
1613862000000,1895.10,1929.00,1888.88,1914.58,242018.911,1613865599999,462761569.06248,174059,119758.068,229052109.80181,0
1613865600000,1914.51,1926.96,1885.00,1919.46,142161.110,1613869199999,271061891.17465,111961,72086.864,137490831.51347,0
1613869200000,1919.45,1939.80,1913.00,1939.54,90280.661,1613872799999,174035423.49978,77807,48955.285,94379976.05807,0
1613872800000,1939.54,1958.95,1935.00,1939.27,82833.298,1613876399999,161179236.58314,77868,43410.532,84487270.94549,0
1613876400000,1939.28,1957.15,1930.12,1936.70,68237.744,1613879999999,132552435.87553,63286,31040.390,60301353.04102,0
1613880000000,1936.70,1950.00,1921.96,1946.00,76831.031,1613883599999,148782362.29308,63285,35915.901,69582413.00764,0
1613883600000,1946.05,1955.00,1936.36,1944.81,56166.993,1613887199999,109317072.18597,57442,26287.463,51157100.27626,0
1613887200000,1944.82,1946.37,1927.13,1942.72,62793.855,1613890799999,121634149.63232,53052,28579.606,55370749.34032,0
1613890800000,1942.71,1948.70,1905.00,1914.12,121370.240,1613894399999,233141722.36687,88143,55834.715,107255903.10973,0
1613894400000,1914.13,1947.44,1900.71,1938.98,111977.184,1613897999999,216088792.66756,90538,62310.448,120305163.54404,0
1613898000000,1938.98,1945.00,1930.61,1942.55,50208.361,1613901599999,97341614.25182,50572,23457.180,45489235.02983,0
1613901600000,1942.55,1976.00,1940.52,1973.50,124376.340,1613905199999,244025758.57160,101248,66208.771,129910435.42188,0
1613905200000,1973.50,1977.70,1962.10,1964.62,68478.245,1613908799999,134819524.57292,57593,31098.910,61237551.10050,0
1613908800000,1964.70,1971.19,1940.00,1946.00,99846.545,1613912399999,195359658.96602,78469,44692.082,87480034.50211,0
1613912400000,1946.00,1957.00,1945.99,1951.88,48918.455,1613915999999,95506184.08766,45939,25922.493,50615686.72201,0
1613916000000,1951.89,1970.00,1938.00,1965.30,105378.656,1613919599999,206262271.43352,80958,53112.846,103996157.84594,0
1613919600000,1965.29,1975.00,1953.00,1963.50,69739.235,1613923199999,136889670.96076,65388,34461.508,67664172.69695,0
1613923200000,1963.51,1970.00,1944.30,1961.95,90047.220,1613926799999,176357080.95730,82008,44099.143,86385289.49069,0
1613926800000,1961.87,1962.29,1951.59,1953.22,43452.936,1613930399999,85031776.88496,43419,19899.593,38944674.12025,0
1613930400000,1953.21,1972.77,1941.00,1968.55,67391.550,1613933999999,131897492.98694,58958,32503.637,63644516.32953,0
1613934000000,1968.65,1981.04,1964.83,1970.41,82368.016,1613937599999,162670570.87572,62746,38612.404,76271619.31320,0
1613937600000,1970.41,1970.41,1915.00,1931.32,122742.001,1613941199999,238727353.26934,87435,55981.415,108866369.40529,0
1613941200000,1931.33,1938.96,1916.21,1921.11,109401.429,1613944799999,210942228.11664,87271,52816.924,101880870.39953,0
1613944800000,1921.12,1932.27,1903.03,1929.31,92983.913,1613948399999,178284896.58216,78898,42385.076,81325297.23177,0
1613948400000,1929.32,1939.79,1923.72,1934.75,51440.899,1613951999999,99378368.94250,48709,25395.685,49071659.64874,0
1613952000000,1934.59,1938.50,1888.89,1889.52,136602.662,1613955599999,261368058.86191,106970,52506.941,100476272.51157,0
1613955600000,1889.53,1920.48,1871.00,1915.52,141936.574,1613959199999,269587407.07431,128993,71607.146,136094511.57891,0
1613959200000,1915.52,1923.81,1893.58,1906.80,101370.861,1613962799999,193454894.20793,89155,50386.028,96168638.50444,0
1613962800000,1906.79,1913.00,1862.20,1871.65,167742.355,1613966399999,315900418.90004,125172,80591.375,151807639.95159,0
1613966400000,1872.06,1884.00,1836.00,1865.98,241389.400,1613969999999,448607365.74948,172051,111036.312,206465101.93615,0
1613970000000,1866.12,1885.44,1860.67,1870.58,108577.586,1613973599999,203352300.98317,82495,53471.989,100179846.21444,0
1613973600000,1870.58,1890.97,1863.22,1874.00,87994.735,1613977199999,165446084.35017,73753,43163.802,81157702.68391,0
1613977200000,1873.87,1895.00,1867.00,1888.31,74259.189,1613980799999,139689801.95636,66315,39472.195,74284012.10420,0
1613980800000,1888.30,1891.88,1856.26,1857.89,98532.071,1613984399999,184780847.80323,79268,42624.925,80011364.71096,0
1613984400000,1857.95,1866.96,1812.36,1823.03,203301.914,1613987999999,374375424.86876,127558,88590.093,163289735.37323,0
1613988000000,1823.03,1839.39,1772.27,1819.23,355111.737,1613991599999,643573658.82156,220079,167196.027,303301187.92235,0
1613991600000,1819.36,1835.00,1804.50,1805.43,142189.537,1613995199999,259080636.25669,116365,69802.568,127209082.08075,0
1613995200000,1805.71,1811.42,1751.76,1784.87,406155.080,1613998799999,722305245.85107,243854,187678.885,333933659.66562,0
1613998800000,1784.87,1796.62,1729.78,1731.89,261466.424,1614002399999,461398981.48936,187468,120536.818,212865343.63491,0
1614002400000,1732.11,1763.00,1552.20,1755.11,911376.741,1614005999999,1528855817.61346,489104,416342.215,699479509.95687,0
1614006000000,1755.10,1775.00,1699.03,1732.70,334869.053,1614009599999,579444434.39032,220783,154650.364,267714220.42174,0
1614009600000,1732.71,1763.16,1707.55,1730.51,193394.698,1614013199999,336694806.45172,154912,92963.020,161886010.94871,0
1614013200000,1730.51,1734.95,1673.66,1683.41,201617.956,1614016799999,344195678.25452,170429,89624.353,153125237.74662,0
1614016800000,1683.44,1722.81,1658.80,1719.82,225823.824,1614020399999,382547330.47392,177287,111646.243,189246313.80579,0
1614020400000,1719.82,1752.19,1711.26,1747.40,117763.790,1614023999999,203931295.97867,101868,59860.387,103693734.86089,0
1614024000000,1747.25,1786.00,1742.09,1767.65,146888.834,1614027599999,260124983.58410,116233,74974.806,132781371.95349,0
1614027600000,1767.66,1804.50,1766.23,1799.33,111651.644,1614031199999,200185746.77878,90784,58690.135,105254213.41901,0
1614031200000,1799.32,1803.00,1762.00,1777.15,95235.875,1614034799999,169702128.35535,76845,38498.313,68610696.22369,0
1614034800000,1777.17,1789.15,1746.58,1778.30,107651.274,1614038399999,190222387.34745,91540,50466.180,89219614.53003,0
1614038400000,1778.22,1784.08,1743.74,1761.14,118182.401,1614041999999,208612060.34854,100083,60023.160,105979456.24317,0
1614042000000,1761.23,1780.68,1703.64,1715.00,158602.005,1614045599999,275690039.35519,122937,76101.105,132368654.21646,0
1614045600000,1715.00,1729.00,1659.10,1670.51,205736.894,1614049199999,349042031.36038,160116,101329.066,172000328.07274,0
1614049200000,1670.58,1715.52,1665.54,1681.44,197106.045,1614052799999,333313920.29064,151811,97313.191,164575883.82367,0
1614052800000,1681.44,1697.84,1590.85,1634.17,363547.560,1614056399999,595876708.67557,223250,174704.553,286262010.71782,0
1614056400000,1634.18,1638.12,1552.63,1620.86,493843.799,1614059999999,789023170.74854,332576,234656.987,375238645.28814,0
1614060000000,1620.86,1650.92,1577.99,1579.63,242922.018,1614063599999,393135302.91869,192663,115921.312,187681367.80668,0
1614063600000,1579.63,1623.00,1569.79,1587.73,203869.560,1614067199999,325873943.89514,170584,99544.731,159160269.62415,0
1614067200000,1587.51,1601.51,1443.48,1444.44,714577.953,1614070799999,1084539820.99586,481891,331728.157,503932391.25527,0
1614070800000,1444.44,1516.00,1348.17,1500.44,743808.462,1614074399999,1078852517.81438,476299,356482.201,518597280.89545,0
1614074400000,1500.78,1525.19,1446.57,1481.21,321030.286,1614077999999,476198001.57793,262953,155227.558,230323125.41656,0
1614078000000,1481.24,1504.12,1371.00,1453.30,443951.066,1614081599999,636470735.54058,329001,214584.620,307929657.49084,0
1614081600000,1453.22,1552.52,1425.49,1530.21,457365.414,1614085199999,679271944.76116,357238,232439.976,345515348.83059,0
1614085200000,1530.16,1565.32,1511.00,1551.72,288355.087,1614088799999,443579782.79456,234559,142681.502,219604912.54485,0
1614088800000,1551.93,1572.00,1480.00,1520.01,279506.266,1614092399999,427897991.59645,211581,131395.948,201284077.68510,0
1614092400000,1520.01,1602.06,1506.16,1574.35,330639.581,1614095999999,514769354.91575,286511,168818.341,262847795.19307,0
1614096000000,1574.40,1608.79,1536.00,1551.53,272437.660,1614099599999,427854181.17393,226350,137598.522,216220044.91417,0
1614099600000,1551.55,1573.98,1516.55,1518.85,198243.920,1614103199999,306776303.13201,167836,95272.966,147522984.71142,0
1614103200000,1519.15,1539.30,1492.21,1497.68,173142.189,1614106799999,262996829.56234,156929,88320.634,134248638.74021,0
1614106800000,1497.67,1517.90,1446.05,1448.52,244175.921,1614110399999,360539868.86032,208781,117374.437,173398705.09507,0
1614110400000,1448.53,1525.99,1436.00,1525.39,246334.426,1614113999999,364548747.77655,193383,123967.441,183665309.78143,0
1614114000000,1525.46,1551.28,1519.44,1537.01,166203.239,1614117599999,255875757.02376,133253,82711.433,127335559.70983,0
1614117600000,1537.15,1574.00,1532.28,1569.41,113654.443,1614121199999,176872965.84317,94492,62950.184,97969780.72836,0
1614121200000,1569.69,1581.54,1545.74,1579.75,112113.390,1614124799999,175346854.96535,96960,57986.510,90698296.50311,0
1614124800000,1579.75,1587.62,1501.09,1570.30,201838.581,1614128399999,311015833.61336,181081,99607.914,153549955.33454,0
1614128400000,1570.30,1607.54,1561.97,1607.31,147123.126,1614131999999,233272311.57117,138947,78745.990,124925445.32105,0
1614132000000,1607.31,1634.90,1594.58,1617.82,143427.016,1614135599999,231887707.28462,126779,73921.085,119557908.57210,0
1614135600000,1617.82,1642.05,1613.50,1638.28,96736.084,1614139199999,157304327.25462,86165,46707.777,75986373.43572,0
1614139200000,1638.27,1654.79,1610.00,1645.78,163948.272,1614142799999,268319261.68981,115048,72641.017,118900369.21408,0
1614142800000,1645.77,1654.86,1620.00,1628.71,124161.628,1614146399999,203203283.37762,96038,61702.589,100970695.83422,0
1614146400000,1628.71,1651.00,1611.06,1639.77,153863.598,1614149999999,250654016.58530,112622,77261.677,125910368.02758,0
1614150000000,1639.78,1650.85,1615.55,1642.62,127488.011,1614153599999,208930641.75815,92786,67982.599,111451512.52918,0
1614153600000,1642.83,1680.59,1631.33,1677.51,162198.387,1614157199999,269456762.03894,113462,89881.442,149332241.04958,0
1614157200000,1677.38,1714.04,1670.00,1690.94,172762.970,1614160799999,292697467.55715,125019,86073.834,145866076.06579,0
1614160800000,1690.94,1697.51,1662.00,1662.20,127130.486,1614164399999,213539956.78062,89614,58379.898,98108118.79336,0
1614164400000,1662.21,1699.51,1662.00,1678.00,119975.226,1614167999999,201952072.42492,87999,61457.506,103479042.33195,0
1614168000000,1678.00,1709.00,1674.48,1690.33,135422.810,1614171599999,229354972.44769,98309,66428.789,112516004.91898,0
1614171600000,1690.33,1699.82,1621.00,1641.20,320385.318,1614175199999,528806475.81668,166552,150085.682,247728311.95193,0
1614175200000,1641.38,1654.84,1626.83,1644.87,180693.949,1614178799999,296819992.88917,114089,83559.140,137302612.24294,0
1614178800000,1644.87,1664.66,1590.44,1662.08,254107.906,1614182399999,413973482.36450,162831,129075.343,210632988.75190,0
1614182400000,1662.08,1678.37,1643.34,1647.86,141815.979,1614185999999,235687972.03984,109978,66885.298,111208924.74612,0
1614186000000,1647.87,1664.75,1642.81,1664.41,104042.639,1614189599999,171868157.50626,77299,54502.603,90095364.62825,0
1614189600000,1664.41,1664.41,1637.00,1637.21,90756.416,1614193199999,149633349.57727,61180,41369.008,68216407.91602,0
1614193200000,1637.21,1641.37,1598.20,1601.85,111604.792,1614196799999,180585154.95741,88788,54105.929,87537795.57380,0
1614196800000,1601.71,1618.84,1580.24,1605.12,145267.127,1614200399999,232218095.98517,107523,74193.307,118695407.91228,0
1614200400000,1605.21,1605.74,1561.00,1592.30,128219.161,1614203999999,202400102.91651,100270,64383.028,101667791.21607,0
1614204000000,1592.09,1597.15,1554.92,1591.54,110803.913,1614207599999,174953730.67904,86000,57047.944,90074204.86926,0
1614207600000,1591.54,1630.46,1588.17,1623.98,129574.622,1614211199999,208692835.49120,94879,69429.494,111803618.36698,0
1614211200000,1623.94,1658.26,1617.00,1652.69,145940.475,1614214799999,239528923.53959,105534,80272.786,131832065.96517,0
1614214800000,1652.69,1657.98,1627.69,1630.51,76398.422,1614218399999,125513216.55509,58800,30621.187,50333590.05278,0
1614218400000,1630.50,1646.66,1626.00,1633.21,59631.094,1614221999999,97502572.29333,48481,30751.446,50297025.55333,0
1614222000000,1633.38,1633.38,1603.50,1604.89,79359.622,1614225599999,128110551.71991,63662,35040.270,56579169.55584,0
1614225600000,1604.89,1615.00,1587.98,1592.04,116748.965,1614229199999,186718409.52695,83373,56624.465,90584764.87314,0
1614229200000,1591.90,1625.80,1591.90,1622.96,103877.005,1614232799999,167142230.82621,74438,57377.165,92362737.31538,0
1614232800000,1622.96,1629.69,1610.04,1619.19,64571.348,1614236399999,104462937.57950,53853,32956.135,53330637.17157,0
1614236400000,1619.19,1648.20,1610.20,1635.15,89116.834,1614239999999,145702370.43177,69344,47382.335,77499943.05611,0
1614240000000,1635.15,1640.00,1593.03,1599.82,116394.692,1614243599999,188075262.68129,76521,52756.134,85299489.63787,0
1614243600000,1599.83,1607.93,1578.89,1597.01,154179.566,1614247199999,245373823.38385,102404,77838.683,123948066.07453,0
1614247200000,1597.01,1615.70,1590.19,1609.86,111956.546,1614250799999,179719100.60147,66581,62959.469,101122242.52601,0
1614250800000,1609.76,1626.96,1609.76,1622.29,106848.806,1614254399999,172793657.96646,68606,63129.620,102080943.86333,0
1614254400000,1622.30,1648.94,1612.65,1648.77,150311.355,1614257999999,244843370.36370,98615,88144.356,143575534.53490,0
1614258000000,1648.83,1672.49,1635.80,1645.73,181823.361,1614261599999,300406612.90943,129842,85269.483,140919449.04548,0
1614261600000,1645.73,1653.93,1625.01,1634.11,97854.410,1614265199999,160366919.23726,82693,44460.656,72886139.86969,0
1614265200000,1634.18,1644.94,1615.35,1627.77,89903.231,1614268799999,146518246.45236,75666,39799.749,64923702.14664,0
1614268800000,1627.76,1637.00,1615.90,1620.72,85022.740,1614272399999,138370644.25579,73155,43798.986,71305204.62159,0
1614272400000,1620.86,1622.99,1584.15,1593.55,136056.711,1614275999999,217721218.01632,106678,62314.655,99728740.61014,0
1614276000000,1593.31,1604.00,1571.54,1580.83,118387.568,1614279599999,188136287.43537,87439,56954.498,90579785.64774,0
1614279600000,1580.66,1594.89,1566.85,1585.04,106001.334,1614283199999,167924570.68235,83423,52517.221,83235421.67921,0
1614283200000,1585.04,1588.23,1556.33,1575.61,116194.540,1614286799999,182460423.34947,101903,57482.218,90267718.13163,0
1614286800000,1575.61,1583.70,1524.30,1525.56,161781.383,1614290399999,251089003.93062,113708,72459.128,112535604.33655,0
1614290400000,1525.57,1543.66,1500.00,1516.49,219751.914,1614293999999,334007703.56468,149757,105923.244,161062198.76519,0
1614294000000,1516.49,1530.80,1458.00,1482.09,267692.339,1614297599999,399326823.16675,182944,124488.088,185864399.27051,0
1614297600000,1482.13,1515.43,1449.00,1481.26,382220.825,1614301199999,563416326.27922,243923,189933.282,280022507.55115,0
1614301200000,1481.14,1499.65,1463.20,1473.58,192572.989,1614304799999,285629111.62890,135196,93427.192,138646683.60214,0
1614304800000,1473.53,1503.14,1460.00,1488.15,122491.585,1614308399999,182025255.66444,99239,67719.227,100669220.69398,0
1614308400000,1488.15,1495.00,1472.85,1491.91,101642.202,1614311999999,150969831.42312,83174,54032.199,80264256.51156,0
1614312000000,1491.90,1530.26,1491.74,1505.62,185471.210,1614315599999,280889812.94908,122709,106614.593,161462131.96382,0
1614315600000,1505.60,1514.06,1451.14,1451.93,160731.530,1614319199999,237909761.56481,115155,73445.885,108788066.99162,0
1614319200000,1451.82,1475.17,1450.86,1463.84,131420.342,1614322799999,192507086.83172,94244,67570.609,99008909.73999,0
1614322800000,1464.01,1473.33,1401.01,1432.13,354551.924,1614326399999,505440783.33905,211282,168367.764,239966143.35304,0
1614326400000,1432.13,1467.22,1431.83,1457.55,176637.844,1614329999999,255962606.21621,120789,94904.289,137532395.03438,0
1614330000000,1457.66,1486.27,1443.70,1477.43,160692.277,1614333599999,235999483.36012,110506,82016.030,120453754.42622,0
1614333600000,1477.44,1490.11,1464.04,1488.00,97094.884,1614337199999,143588730.66257,81815,50627.575,74881584.06167,0
1614337200000,1487.99,1495.15,1453.95,1485.53,158995.626,1614340799999,233925238.01930,111377,76778.221,113011279.32335,0
1614340800000,1485.49,1498.31,1480.69,1484.73,106878.776,1614344399999,159301288.02641,90646,53747.754,80136926.20213,0
1614344400000,1484.87,1491.38,1458.39,1461.04,112473.465,1614347999999,165399163.23051,92341,58861.671,86570671.74020,0
1614348000000,1460.91,1532.51,1458.20,1517.92,198984.750,1614351599999,299168065.77105,143384,101702.287,152868818.79815,0
1614351600000,1517.97,1542.43,1503.49,1533.49,181555.815,1614355199999,276666124.09605,121250,98518.774,150218059.15259,0
1614355200000,1533.50,1554.86,1531.61,1551.79,142318.142,1614358799999,219546988.63639,97359,72986.792,112596242.79790,0
1614358800000,1551.78,1563.66,1516.49,1521.64,143872.993,1614362399999,221713618.77895,89565,65301.241,100696582.87325,0
1614362400000,1521.65,1531.20,1508.42,1509.40,93752.530,1614365999999,142718324.20347,68587,48640.475,74085630.27533,0
1614366000000,1509.34,1519.04,1476.00,1480.93,121736.903,1614369599999,182498401.15854,89101,57171.347,85793513.08618,0
1614369600000,1481.02,1486.00,1445.00,1446.73,173650.710,1614373199999,253883440.92101,128071,82330.054,120401458.10465,0
1614373200000,1446.68,1468.00,1428.16,1429.77,161552.411,1614376799999,234402019.23790,114616,77830.717,113018887.63974,0
1614376800000,1429.76,1443.74,1410.32,1425.08,122157.721,1614380399999,174396124.78461,99621,59226.611,84593857.90226,0
1614380400000,1425.08,1450.05,1420.45,1445.28,96593.558,1614383999999,139224019.70661,76097,52905.624,76254392.43393,0
1614384000000,1445.36,1491.90,1439.03,1490.62,128475.322,1614387599999,188460409.10180,104929,70443.935,103384033.63963,0
1614387600000,1490.63,1504.74,1482.75,1497.76,98872.902,1614391199999,147607229.57248,89353,44146.867,65932932.20123,0
1614391200000,1497.73,1519.28,1487.46,1492.12,126325.588,1614394799999,189373427.92672,88823,54990.047,82490403.90275,0
1614394800000,1492.12,1517.67,1486.94,1492.66,126601.444,1614398399999,190360914.26848,88381,64684.820,97272204.86520,0
1614398400000,1492.64,1512.00,1488.14,1502.97,94776.089,1614401999999,142245140.50740,69114,44027.542,66099845.57450,0
1614402000000,1502.98,1516.59,1492.50,1508.00,75547.671,1614405599999,113601899.26666,68228,39414.027,59262760.13536,0
1614405600000,1508.00,1530.19,1501.61,1507.17,87406.073,1614409199999,132427414.21413,75680,43102.612,65334504.13214,0
1614409200000,1507.17,1508.59,1483.50,1491.81,114583.121,1614412799999,170983874.54963,84336,55122.987,82245600.12857,0
1614412800000,1491.81,1495.05,1463.15,1475.14,104387.394,1614416399999,154186982.54850,84431,48322.354,71362237.09166,0
1614416400000,1475.07,1475.84,1455.74,1467.60,87945.224,1614419999999,128901589.27181,81040,43403.680,63638458.42833,0
1614420000000,1467.60,1479.68,1464.36,1467.00,70250.671,1614423599999,103457106.88477,62952,38511.307,56725092.86777,0
1614423600000,1467.01,1485.84,1462.47,1470.29,99204.229,1614427199999,146367077.93126,75321,50675.189,74818515.42052,0
1614427200000,1470.49,1496.51,1454.80,1486.83,127175.733,1614430799999,188030134.45803,105986,63476.724,93891264.83478,0
1614430800000,1486.99,1494.44,1477.00,1484.22,86805.086,1614434399999,129115291.76436,68986,44173.936,65733892.87415,0
1614434400000,1484.14,1490.00,1462.00,1474.34,75786.703,1614437999999,111749198.08795,71560,35421.231,52213707.47733,0
1614438000000,1474.05,1492.02,1444.65,1454.11,172932.309,1614441599999,253799240.03273,136732,82485.816,121077500.74656,0
1614441600000,1454.06,1477.34,1445.84,1471.70,96790.639,1614445199999,141814395.63543,110883,47821.160,70088189.21690,0
1614445200000,1471.71,1490.00,1470.15,1487.59,69012.017,1614448799999,102140559.01279,59720,37536.159,55569849.59134,0
1614448800000,1487.58,1496.78,1487.19,1491.64,80254.655,1614452399999,119729358.78062,56185,40481.025,60400976.51733,0
1614452400000,1491.64,1516.75,1489.04,1512.23,97760.394,1614455999999,146957682.46106,75176,53725.500,80786435.61907,0
1614456000000,1512.41,1520.90,1501.58,1508.57,95548.207,1614459599999,144481894.29154,76183,45880.016,69396626.13253,0
1614459600000,1508.57,1524.11,1498.65,1508.20,99268.594,1614463199999,150036204.21146,75542,46300.379,70001216.05253,0
1614463200000,1508.25,1511.39,1461.49,1464.31,89506.918,1614466799999,133470593.49758,80003,35731.634,53290925.95933,0
1614466800000,1464.32,1470.26,1425.50,1458.65,225658.355,1614470399999,327409309.39108,165086,112955.560,163948739.98609,0
1614470400000,1458.64,1468.17,1441.95,1460.77,131024.007,1614473999999,190755117.85144,102605,66552.863,96952818.80730,0
1614474000000,1460.77,1469.44,1449.51,1464.29,78136.975,1614477599999,114120641.57909,66724,37167.814,54311184.03974,0
1614477600000,1464.10,1465.79,1423.59,1431.54,133615.557,1614481199999,192602252.97501,101764,56775.502,81846709.90850,0
1614481200000,1431.47,1431.55,1366.28,1369.19,262214.786,1614484799999,366918920.61920,201784,119349.202,167084325.58488,0
1614484800000,1369.24,1397.00,1362.27,1368.93,184841.924,1614488399999,255528614.75725,165727,90783.019,125578305.04549,0
1614488400000,1368.94,1398.78,1352.24,1363.90,177078.941,1614491999999,243283204.10727,139313,90079.850,123841035.43152,0
1614492000000,1363.90,1366.56,1313.39,1335.32,398933.502,1614495599999,534682624.23501,260210,192082.149,257423179.26684,0
1614495600000,1335.42,1356.23,1322.91,1343.16,173589.218,1614499199999,232868972.97454,131980,89279.909,119821382.93336,0
1614499200000,1343.15,1373.93,1342.87,1359.80,162185.947,1614502799999,220534765.86450,126706,88127.065,119836201.85829,0
1614502800000,1359.62,1379.00,1349.05,1364.00,142362.886,1614506399999,194703526.81198,106276,72513.605,99226492.05464,0
1614506400000,1364.00,1380.66,1354.25,1362.87,123765.074,1614509999999,169373378.26781,84889,58907.696,80633597.17923,0
1614510000000,1362.86,1385.49,1358.10,1371.22,104310.600,1614513599999,143220486.56977,78495,52581.724,72226147.81838,0
1614513600000,1371.37,1379.94,1347.24,1358.59,126165.881,1614517199999,171696173.45955,96622,60344.137,82150073.81402,0
1614517200000,1358.61,1365.94,1333.61,1334.84,112893.521,1614520799999,152832954.95520,82864,48590.406,65820811.11015,0
1614520800000,1334.92,1357.25,1317.89,1355.70,261266.890,1614524399999,348894644.09231,174279,131915.467,176213043.42729,0
1614524400000,1355.53,1357.86,1292.80,1317.64,281618.275,1614527999999,371033591.05241,187616,135781.476,178916475.74939,0
1614528000000,1317.64,1367.36,1301.84,1347.59,321864.884,1614531599999,431780301.94214,214583,165545.308,222182487.31775,0
1614531600000,1347.58,1359.08,1328.67,1329.26,147025.261,1614535199999,197582801.52087,109362,71956.322,96737199.83293,0
1614535200000,1329.45,1359.35,1324.11,1350.00,120527.801,1614538799999,162029251.44904,91873,62422.057,83890094.83410,0
1614538800000,1350.00,1395.24,1346.88,1389.58,133208.751,1614542399999,182529946.60135,105010,71508.641,97939409.63819,0
1614542400000,1389.25,1415.58,1383.20,1409.00,142364.790,1614545999999,198833066.17334,110219,77598.523,108408320.94534,0
1614546000000,1408.99,1423.83,1400.21,1413.18,132954.604,1614549599999,187818051.52302,104389,65716.219,92845560.32989,0
1614549600000,1413.19,1423.00,1394.31,1422.28,102408.022,1614553199999,144619538.76105,78179,45596.884,64404429.94763,0
1614553200000,1422.28,1443.52,1408.37,1419.77,155034.599,1614556799999,221384374.92789,113653,78619.330,112244610.47347,0
